year,male,female
2004,4.884803772,8.630155563
2004,9.330574036,6.060874939
2004,5.145025253,4.600764751
2004,8.048293114,2.902797222
2004,21.47297668,8.143819809
2004,4.430495262,
1966,12.20396,3.773803
1967,15.55211,4.522207
1968,16.78204,4.950262
1969,16.7764,4.47279
1970,16.04499,5.086274
1977,11.71793,4.095239
1978,11.94934,4.20104
1979,10.19954,3.768375
1980,11.59206,3.895963
1981,12.98644,3.973988
1982,11.06296,3.379611
1983,9.592617,3.553246
1984,10.37836,3.264729
1985,10.73983,3.57422
1986,12.03627,4.305565
1987,11.58906,4.496664
1988,11.82209,4.194231
1989,11.35565,3.802261
1990,10.51878,3.655709
1991,9.852893,2.975335
1992,11.32803,2.9983
1993,11.57395,2.870972
1994,11.19603,2.945701
1995,10.77449,2.831591
1996,10.63765,2.955786
1997,10.30783,3.053083
1998,10.91713,2.805949
1999,11.39431,2.604184
2000,12.92308,2.917899
2001,14.0125,3.537312
2002,13.75238,3.624188
2003,14.32759,3.470717
2004,13.3532,3.28949
2004,6.392276287,1.542518139
1950,13.89218,4.559263
1951,14.318,4.573612
1952,15.99589,5.168044
1953,15.86971,5.885497
1954,16.23365,5.378865
1955,15.49302,5.318667
1956,16.03185,5.7286
1957,17.84965,6.757056
1958,19.05134,6.139689
1959,16.91927,5.798526
1960,15.61751,6.195316
1961,17.6378,6.841145
1962,19.69866,8.803148
1963,22.00281,10.87834
1964,20.24845,10.17107
1965,19.79254,11.19239
1966,18.46308,10.9659
1967,20.10027,11.42143
1968,17.81481,8.789992
1969,17.69678,8.080665
1970,18.06028,7.769779
1971,18.94889,9.616284
1972,17.58323,8.662896
1973,16.49461,7.727494
1974,16.73973,7.592533
1975,15.81281,7.196371
1976,16.26861,5.920273
1977,16.4062,6.31923
1978,16.04263,6.624237
1979,16.75487,6.605552
1980,16.48452,5.547964
1981,16.8945,5.491399
1982,17.21728,5.708966
1983,16.63548,5.029721
1984,16.99337,5.075873
1985,17.79891,5.098112
1986,19.13559,5.602667
1987,20.54657,5.035711
1988,19.85528,5.167239
1989,18.75663,4.624014
1990,19.78778,4.798937
1991,19.98861,5.228232
1992,19.48194,4.89091
1993,17.68173,4.123482
1994,19.90309,4.31111
1995,18.06133,4.759037
1996,20.42005,4.651205
1997,21.60116,5.565905
1998,21.56089,5.183353
1999,20.07539,4.872392
2000,18.68202,4.892426
2001,18.95002,4.904302
2002,17.50702,4.672353
2003,15.9637,4.357681
2004,15.45678,4.001978
1955,29.9986,13.03628
1956,29.41163,12.27382
1957,31.28951,12.48098
1958,30.85925,12.57883
1959,32.8964,12.87934
1960,30.00605,12.32755
1961,29.02644,11.31911
1962,30.66251,10.88243
1963,28.86131,11.50477
1964,31.15179,10.76881
1965,30.12741,11.91786
1966,31.14718,11.47748
1967,30.58935,10.59512
1968,30.88516,10.37276
1969,29.9316,11.80839
1970,34.50694,11.48161
1971,30.41938,11.95893
1972,32.07743,11.69622
1973,30.33344,10.86969
1974,32.44387,11.7306
1975,33.85298,11.20179
1976,31.4998,10.42361
1977,32.55373,12.14137
1978,34.55973,11.56861
1979,34.22878,11.96192
1980,35.08724,11.6723
1981,36.64823,12.16062
1982,38.58706,11.47526
1983,36.33307,12.00734
1984,36.24397,11.55282
1985,36.632,12.29975
1986,37.60686,12.68535
1987,35.30519,11.83288
1988,32.06349,10.14236
1989,31.599,11.04587
1990,30.09333,10.01155
1991,29.86096,8.896665
1992,29.15996,9.188734
1993,27.89434,8.58971
1994,28.66391,9.264556
1995,29.59781,8.037958
1996,29.11086,7.675908
1997,25.71262,7.532901
1998,25.55881,6.980475
1999,24.21744,7.582592
2000,25.11893,7.811996
2001,23.35394,7.079841
2002,25.14929,6.394913
2003,22.30559,6.941166
2004,22.4088,5.982184
1981,7.927753,3.826715
1982,7.157553,2.853445
1985,6.943275,2.51677
1986,6.119931,2.680833
1987,6.665195,2.909419
1988,5.681418,2.534463
1989,5.886524,2.491978
1990,3.321677,0.832518
1991,3.370187,1.008676
1992,3.772966,1.089356
1993,2.789392,1.028466
1994,1.096277,0.5496479
1995,1.481606,0.1800632
1996,1.912715,0.3849193
1997,2.83542,0.6182882
1998,1.279725,0.4200949
1999,1.271021,0.3348784
2000,1.318945,0.3883553
2004,2.332625866,0.545843542
2004,5.236285686,1.609110832
1985,3.004878,0.9027397
1987,3.165804,1.102464
1988,3.908124,0.6495454
1999,2.682337,0.9799417
2000,5.668147,0.3023646
2001,4.347687,0.9313131
2004,6.751053333,0.739074409
2004,14.80530262,14.39273071
2004,5.563058376,0.706947982
1981,43.05365,7.598261
1982,46.55949,7.861515
1985,39.40578,7.038442
1986,29.19821,6.212348
1987,30.94182,7.177848
1988,29.90354,6.634208
1989,36.13258,7.002693
1990,33.62659,6.732969
1991,34.95369,6.723573
1992,39.10175,7.351676
1993,46.87016,8.073069
1994,51.30384,8.660213
1995,53.61209,7.978991
1997,58.47642,8.894451
1998,59.41307,8.242284
1999,56.92015,8.470365
2000,58.47842,7.625254
2001,55.03092,7.420166
2002,54.27013,7.895929
2003,56.4411,8.071535
2004,57.22063446,8.473065376
1954,17.54742,5.845822
1955,16.99986,5.675556
1956,17.72301,6.93027
1957,17.9598,6.829298
1958,18.53559,6.465755
1959,16.2762,5.952488
1960,18.6682,6.432151
1961,18.87755,6.508991
1962,17.22317,6.070828
1963,17.01497,7.051043
1964,17.72499,6.545495
1965,18.43109,7.809211
1966,17.82164,7.103776
1967,18.60177,7.427735
1968,18.88451,8.124631
1969,18.76591,7.336564
1970,19.36163,9.104628
1971,19.15955,7.747962
1972,18.9058,8.350213
1973,18.43134,7.426606
1974,19.23102,8.438783
1975,18.66548,9.46524
1976,19.73664,9.491047
1977,22.41677,11.14024
1978,24.58786,11.76284
1979,25.14716,12.22354
1980,25.43906,13.27547
1981,26.31382,12.13564
1982,26.74868,11.46261
1983,26.91315,13.17877
1984,28.83404,12.49918
1985,27.58702,12.08548
1986,26.65812,11.64273
1987,27.84456,11.00628
1988,24.33073,10.16998
1989,23.77078,9.148507
1990,22.98705,9.330912
1991,22.46683,8.275788
1992,23.03405,8.604388
1993,27.39968,9.10681
1994,27.13221,9.127212
1995,27.09059,9.434156
1998,25.35307,8.5783
1999,23.3854,7.752482
2004,24.10343,8.197042
2004,16.92072868,1.82664001
2004,7.956352234,4.418571949
2004,18.21920967,12.63560295
2004,2.969733477,1.176829338
1985,16.3323,4.601067
1986,18.28368,5.578468
1987,17.01955,5.648069
1988,15.55702,4.264499
1989,16.46358,3.86869
1990,17.07744,3.785358
1991,19.39172,3.27064
2004,18.32401085,6.068046093
2004,13.51235485,9.206121445
1982,5.755142,1.947609
1983,6.410013,2.26725
1984,6.256275,2.021245
1985,5.968798,1.853886
1986,5.911354,1.943074
1987,6.251299,1.93474
1988,5.751139,1.841214
1989,5.703507,1.668564
1990,5.882924,1.874173
1991,6.350536,1.790918
1992,6.344799,1.68751
1993,6.478353,1.6468
1994,6.76115,1.734251
1995,7.532055,1.895723
1996,7.540172,1.842513
1997,7.696878,1.82712
1998,7.559261,1.810481
1999,7.024154,1.499834
2000,7.046959,1.642224
2001,7.816219,1.801882
2002,7.419659,1.923308
2003,7.534978,1.771712
2004,7.456256,1.858153
2004,2.314272642,0.375145286
1964,12.42583,4.988511
1965,11.98519,5.975726
1966,13.80761,5.58489
1967,14.45061,5.478089
1968,12.91787,6.077128
1969,14.96132,6.873514
1970,15.68739,6.879066
1971,16.56146,6.43973
1972,15.01032,6.071483
1973,15.31942,6.03754
1974,16.5959,6.5073
1975,16.90427,6.496712
1976,18.26727,7.020559
1977,18.83344,6.84496
1978,17.51578,6.798341
1979,17.9175,7.439748
1980,17.07483,7.046616
1981,17.22673,6.696206
1982,19.59806,7.364737
1983,17.09483,5.688814
1984,21.47015,7.712174
1985,20.39728,7.307676
1986,19.65689,7.483826
1987,21.20062,7.293007
1988,20.13602,7.417935
1989,20.532,7.1627
1990,18.2777,6.729357
1991,19.76532,6.157265
1992,22.5407,7.011856
1993,21.06948,7.656058
1994,21.0789,7.263122
1995,20.62824,7.016848
1996,22.6841,7.075727
1997,20.29183,7.83246
1998,21.72878,7.508582
1999,19.59204,5.760809
2000,20.47067,6.385141
2001,19.37578,6.135974
2002,19.95738,5.639285
2003,16.42971,5.019393
2004,15.23398,4.429179
2004,11.11455154,5.665971756
2004,23.38735199,7.297821045
2004,6.975902557,3.420325994
2004,9.264327049,5.32839632
1950,12.51228,3.701859
1951,11.79205,3.834756
1952,11.81356,3.627389
1953,11.74572,3.410489
1954,11.7628,3.741708
1955,11.60801,3.635554
1956,12.81928,3.781025
1957,12.84387,3.565373
1958,13.10699,3.267719
1959,12.77226,3.432731
1960,13.38076,3.347038
1961,13.31418,3.285075
1962,12.55741,3.417043
1963,12.78528,4.184049
1964,13.86395,4.573519
1965,14.53212,5.013979
1966,14.28775,4.816313
1967,14.71367,5.281665
1968,15.73342,5.707197
1969,16.94827,6.693918
1970,17.57492,6.85581
1971,18.49803,6.870836
1972,18.37494,7.348289
1973,18.82068,7.401609
1974,19.31564,7.404959
1975,18.13231,7.020964
1976,18.59252,7.364343
1977,21.10947,7.323486
1978,22.04765,7.249467
1979,20.92013,6.893365
1980,20.71511,6.64391
1981,20.54513,6.568106
1982,21.6451,6.296635
1983,22.32728,6.628303
1984,20.37497,5.813638
1985,19.35044,5.098656
1986,21.53621,5.993124
1987,20.88439,5.735684
1988,20.1366,5.511722
1989,19.67531,5.555664
1990,19.16189,4.865834
1991,20.17595,4.760344
1992,19.44672,5.139292
1993,19.56115,4.978075
1994,19.14119,4.922986
1995,20.02859,5.047436
1996,19.53172,5.167635
1997,18.1415,4.624682
1998,18.03863,4.641982
1999,19.48591,4.892793
2000,16.7276,4.77592
2001,16.87974,4.744035
2002,16.43473,4.632044
2003,16.5229,4.803301
2004,15.45435,4.828558
2004,6.932240009,4.764701843
2004,19.05239296,8.773792267
2004,11.47701836,5.371674538
1955,10.14658,1.705518
1956,15.55472,3.286162
1957,16.05564,2.787757
1958,13.85695,2.964926
1959,11.89201,2.39578
1960,15.52745,3.64664
1961,14.98439,4.176262
1962,13.58447,2.89764
1963,8.365624,0.8644308
1964,5.9983,1.288428
1965,3.899587,1.139999
1966,13.75362,3.682542
1967,4.736737,0.7630991
1968,17.60976,3.92298
1969,14.13075,3.416939
1970,12.57828,2.793142
1971,12.44193,2.091359
1972,11.66373,2.313092
1973,10.65717,2.220561
1974,11.86406,1.960531
1975,14.49703,2.509824
1976,11.0874,2.519268
1977,12.69665,1.640443
1978,10.73624,1.852657
1979,11.62537,2.253324
1980,9.521648,1.48823
1981,11.19215,2.07544
1982,11.66377,1.493241
1983,11.23366,1.791543
1984,12.28858,1.742825
1985,11.34721,2.013265
1986,10.16231,2.029685
1987,10.46597,2.036328
1988,10.52443,1.897084
1989,10.99345,1.596402
1990,11.00416,1.726302
1991,11.09824,2.030589
1992,9.234569,1.422202
1993,10.30432,1.73219
1994,11.1224,1.426363
1995,12.47464,1.791788
1996,11.97944,1.71192
1997,11.48508,1.860289
1998,13.05255,1.777482
1999,12.82792,1.834275
2000,17.53683,2.69615
2001,18.80452,2.945508
2002,17.88378,3.088813
2003,18.17283,3.112759
2004,18.62864,3.206247
2004,15.98352337,18.02147102
1953,1.927473,0.3979131
1954,3.257846,0.703688
1955,2.832612,0.3914769
1956,2.222309,0.3340232
1957,1.509441,0.2548287
1958,4.607212,1.547101
1959,5.305804,1.930941
1960,5.658239,1.765069
1961,6.966426,2.893297
1962,8.855237,2.765813
1963,8.351048,3.251587
1964,8.53073,3.631145
1965,11.05097,4.938983
1966,10.16444,4.73882
1967,11.5099,5.493619
1968,8.16477,2.756773
1969,6.431482,1.631767
1972,7.24022,2.245594
1974,7.248097,2.267192
1975,6.700744,2.168202
1976,6.727814,1.939155
1977,5.989031,1.501226
1984,7.092669,1.580137
1985,6.762831,1.499763
1986,6.019554,1.425974
1987,5.360235,1.123727
1988,5.296733,0.9852467
1989,4.640345,1.013285
1990,4.58136,1.137153
1991,5.343418,1.249398
1992,5.882868,1.350895
1993,5.963886,1.260327
1994,6.272415,1.526278
1995,5.592937,1.387697
1996,5.911886,1.302763
1997,5.70885,1.404484
1998,9.129813,2.406739
1999,9.395199,2.301252
2000,9.830948,2.505282
2001,9.949824,2.501183
2002,9.256611,2.506116
2004,8.890985,2.180043
2004,6.18409729,3.550222635
2004,13.14991283,6.957852364
2004,5.35080862,3.290148497
1962,5.527928,0.8727162
1963,8.564259,1.64262
1964,7.331346,1.174007
1965,6.126972,0.498162
1966,8.63411,0.7799269
1967,8.684781,0.4272753
1968,7.344354,0.6360087
1969,8.362664,0.5877427
1970,6.112966,0.6645824
1971,8.017241,1.125805
1972,7.379571,1.363301
1973,6.336791,1.356756
1974,8.985533,1.576568
1975,9.019467,2.115221
1976,13.07302,2.641876
1977,8.485324,2.350467
1978,8.334862,1.839676
1979,7.694184,1.295663
1980,10.61525,2.385492
1981,8.247713,1.513461
1982,8.343644,1.949306
1983,11.52164,1.563824
1984,9.22881,1.794858
1985,10.31565,1.326825
1986,11.83093,0.9740071
1987,8.937768,1.57761
1988,11.4233,1.248714
1989,11.01365,2.198613
1990,11.13284,1.337344
1991,8.739034,1.246473
1992,9.651018,1.535387
1993,10.33389,1.856192
1994,9.501804,1.901241
1995,10.86659,2.291895
1996,11.41977,1.38356
1997,9.966523,1.613845
1998,11.70698,1.299603
1999,12.00752,1.254674
2000,11.74255,1.522919
2001,9.661507,1.455986
2002,12.34662,1.933612
2003,13.56202,2.442115
2004,14.01306,2.148408
2004,28.09916687,11.85433578
1985,30.38738,10.02628
1986,30.17093,9.546262
1987,32.17424,10.73183
1988,30.85986,11.11103
1989,28.04429,10.14025
1990,31.37354,10.20551
1991,30.06224,9.989329
1992,33.47615,9.034454
1993,30.59909,9.667844
1994,31.04424,9.080338
1995,26.88384,7.616956
1996,31.70749,8.89677
1997,28.80243,8.328824
1998,31.55601,9.316629
1999,30.4769,8.638062
2000,30.41285,7.595149
2001,25.77935,6.665844
2002,24.98528,6.912228
2003,25.6826,5.606805
2004,23.86886,7.074668
1964,15.97404,8.704844
1968,17.15462,10.60389
1969,13.42893,10.65689
1970,16.96527,11.06531
1971,19.81159,12.11019
1972,20.59531,13.99399
1973,25.1382,13.32282
1974,25.86386,16.35233
1975,25.26874,15.75323
1976,24.99421,17.38483
1977,23.97922,18.4484
1992,24.30702,17.22876
1993,25.27676,17.2061
1994,25.43201,14.70204
1995,24.45931,14.09523
1996,23.17361,11.42207
1997,23.30941,10.52007
1998,22.9506,10.80781
1999,23.68713,9.469912
2000,21.13802,8.589081
2001,19.1257,7.20769
2002,17.93988,7.033532
2003,17.50294,5.714284
2004,17.69127,5.674331
1999,0.265023,
2000,2.262353,
2004,0.980029,0.2754736
1986,28.8535,9.503201
1987,25.93634,8.125144
1988,25.40523,8.98777
1989,25.30838,8.210373
1990,26.55952,8.271993
1991,25.75252,7.742053
1992,27.11848,7.50093
1993,25.81005,7.470964
1994,24.32088,7.617469
1995,23.28092,6.44746
1996,21.61188,5.081792
1997,22.94675,5.25615
1998,22.166,4.965591
1999,22.2891,4.659358
2000,22.37462,5.038876
2001,22.12178,4.686975
2002,20.64323,4.675765
2003,23.33724,5.044152
2004,21.73415,4.079931
1953,28.34556,10.82814
1954,29.97081,10.28614
1955,28.36906,10.25148
1956,29.13223,10.87737
1957,29.94037,10.81348
1958,29.41469,10.9639
1959,31.55763,11.55604
1960,31.55822,12.72596
1961,30.05474,11.09167
1962,29.82165,11.16994
1963,31.09758,11.31057
1964,29.80415,10.94708
1965,31.31145,11.00362
1966,33.71492,11.71201
1967,34.85952,11.84606
1968,35.11474,12.51732
1969,33.70097,11.04574
1970,36.7509,12.01178
1971,35.94737,10.85366
1972,35.32833,11.36778
1973,32.85426,9.913467
1974,33.47021,10.03628
1975,32.13456,9.9984
1976,30.23492,9.454665
1977,31.93786,8.85787
1978,31.17116,9.647628
1979,29.62473,8.442943
1980,29.17159,8.96263
1981,29.75902,8.35686
1982,29.4701,8.420896
1983,28.7247,7.684603
1984,27.22851,7.789109
1985,28.21199,7.603957
1986,27.94246,8.296039
1987,26.48314,7.126152
1988,25.4025,7.823055
1989,25.91082,7.449316
1990,26.09548,7.312033
1991,25.53351,6.509547
2004,22.83854675,7.275096893
1951,31.32044,14.27589
1952,30.45185,13.60956
1953,31.37524,14.99642
1954,30.40771,14.17499
1955,30.97018,13.67732
1956,29.09921,13.69933
1957,28.34923,13.39697
1958,27.46453,12.22714
1959,27.81066,12.22801
1960,25.86381,12.29644
1961,21.17315,10.22965
1962,23.74335,12.1017
1963,24.21169,11.66955
1964,25.21853,13.73748
1965,22.6092,13.10448
1966,21.96172,10.9374
1967,22.24749,10.3449
1968,24.91305,13.05375
1969,24.86479,13.89309
1970,25.70774,13.90803
1971,29.20166,16.16964
1972,28.12346,15.63836
1973,27.28619,16.18154
1974,31.18245,15.7398
1975,27.59382,16.26976
1976,28.01597,15.06202
1977,28.48381,15.28153
1978,25.56833,16.32782
1979,29.62135,17.30851
1980,37.48591,19.64175
1981,34.94788,18.21034
1982,33.90575,18.18115
1983,32.74146,16.89326
1984,32.48964,17.36956
1985,30.75394,17.33599
1986,31.02541,16.5684
1987,31.27021,16.34699
1988,28.76131,14.99911
1989,28.80078,15.84603
1990,27.12779,12.48864
1991,25.38968,11.45446
1992,24.24527,11.56925
1993,24.28328,11.54635
1994,21.77519,8.818576
1995,20.36607,8.247846
1996,20.20683,7.469941
1997,17.90091,7.441717
1998,17.51659,6.114258
1999,18.22346,5.802166
2000,16.83931,5.379292
2001,15.95645,5.794447
2002,15.77691,4.873204
2003,14.6668,4.299984
2004,14.70355,5.689239
2004,5.834711552,4.231966019
2004,10.12273216,1.783265352
2004,10.59158802,2.461356163
1973,40.18268,19.24329
1974,42.25063,20.03715
1989,32.29626,11.11047
1990,30.04755,9.880279
2004,12.40048885,4.690472603
1973,0.1149809,0.1022943
1974,0.0971511,0.0326752
1975,0.1955052,0.0822208
1976,0.1452098,0.0929138
1977,0.4956282,0.265601
1978,0.3217689,0.1156929
1979,0.265837,0.1334831
1980,0.0607529,0.0244919
1987,0.0837336,0.0503436
2000,0.1180779,0.0398939
2004,2.018912554,1.606142759
2004,13.28527927,4.166975021
2004,13.45966053,7.129074574
2004,12.03790283,6.53256464
1981,56.72746,14.60823
1982,51.00139,11.88938
1985,50.66416,9.958379
1986,42.33127,10.94282
1987,40.87221,8.646701
1988,36.93274,10.72386
1989,38.19986,12.25039
1990,40.95587,11.23726
1991,41.98287,9.974966
1992,50.07764,12.11447
1993,61.75784,12.47818
1994,67.70052,12.29944
1995,64.82578,12.85668
1996,62.50669,11.1046
1997,61.46761,9.307997
1998,56.36118,8.52366
1999,54.03889,9.188284
2000,41.37693,9.108438
2001,45.37378,8.350281
2002,43.11066,7.395526
2003,39.07565,6.736414
2004,37.54561,6.293787
2004,14.33747578,6.124103069
2004,4.590774059,3.330704927
1952,32.92299,6.338303
1953,31.18618,7.281992
1954,34.31158,7.707232
1955,35.88195,8.487377
1956,40.35818,9.074881
1957,38.2692,9.905864
1958,36.83294,9.75908
1959,35.11429,8.999933
1960,35.65968,8.933072
1961,36.19727,8.80759
1962,37.73875,9.858613
1963,33.52105,7.726057
1964,33.53411,9.401792
1965,34.50203,7.993702
1966,32.03278,8.920331
1967,34.32255,8.169849
1968,36.92916,9.504064
1969,39.26056,9.854064
1970,34.89272,8.769833
1971,35.09113,8.79709
1972,38.69162,9.229571
1973,36.93771,9.496243
1974,39.43605,9.784482
1975,39.36298,9.442504
1976,40.58097,9.485551
1977,40.01245,9.716622
1978,40.43987,8.877536
1979,38.42537,9.063207
1980,38.73922,9.321412
1981,36.34341,8.579315
1982,35.65261,9.323059
1983,36.87139,8.921499
1984,38.43419,8.673536
1985,37.23244,8.783978
1986,39.49035,10.10547
1987,40.41832,10.34389
1988,41.89508,10.0063
1989,42.59584,9.952428
1990,45.09116,10.87554
1991,44.28377,10.14119
1992,42.55037,10.12068
1993,40.26448,9.833062
1994,39.88553,10.38673
1995,38.98032,10.49015
1996,34.7587,9.45045
1997,37.41434,9.463944
1998,34.01262,8.779446
1999,34.14604,8.427931
2000,30.99912,9.725185
2001,32.66965,8.672476
2002,28.76064,8.663737
2003,28.25034,8.375106
2004,28.11936,8.453583
1950,22.18211,5.887676
1952,22.37906,5.894147
1953,22.27051,5.898882
1954,23.49871,6.149604
1955,22.88805,6.312592
1956,24.46199,7.245126
1957,22.904,7.061091
1958,23.08794,7.111049
1959,23.39717,7.370492
1960,22.44482,6.744084
1961,22.93389,6.47076
1962,21.7581,6.214105
1963,22.53988,6.490596
1964,21.36987,6.554833
1965,22.06558,6.369074
1966,22.50273,6.935515
1967,22.51647,6.853002
1968,21.4911,7.248062
1969,21.80194,7.167145
1970,21.40489,7.132113
1971,21.02992,7.327756
1972,21.90327,7.76903
1973,21.17506,7.306815
1974,21.22584,7.436042
1975,21.19529,7.545575
1976,21.18872,7.578704
1977,21.52999,8.381433
1978,22.80707,8.286058
1979,24.76836,8.803364
1980,25.44677,9.274755
1981,25.73259,9.157047
1982,27.47831,9.617654
1983,28.45543,9.992432
1984,28.73677,10.17096
1985,29.38595,10.40593
1986,29.63441,10.5879
1987,27.96375,10.09694
1988,26.52334,9.537703
1989,26.60711,9.432059
1990,25.78439,8.89199
1991,25.72661,8.930861
1992,26.14759,8.761019
1993,27.34009,9.271954
1994,27.0349,8.595119
1995,25.85716,8.586724
1996,24.45665,8.319171
1997,23.92196,8.143969
1998,23.11529,7.349611
1999,22.09909,7.474207
2000,23.39069,7.474487
2001,22.41779,7.268069
2002,22.44498,7.496887
2003,23.04079,7.259634
2004,22.19961,7.523865
2004,9.426732063,6.182321548
2004,8.353575706,4.648649216
1981,10.49851,2.661158
1982,8.221825,2.359338
1985,6.979319,2.290122
1986,6.713596,2.457144
1987,6.365824,2.208648
1988,6.671018,1.896613
1989,6.791742,2.320746
1990,5.492355,1.723654
1991,5.381773,1.802185
1992,6.691033,1.920067
1994,4.890241,1.400695
1995,6.330423,1.544716
1996,7.206788,1.676831
1997,7.287419,1.523687
1998,5.439614,1.173226
1999,6.903577,1.609125
2000,4.303044,0.8593065
2001,2.974255,0.7854481
2004,2.613620758,0.68989259
1990,20.81387,7.40588
1991,20.90132,7.334742
1992,19.98319,6.838923
1993,19.0396,6.26495
1994,19.34351,6.08572
1995,19.36314,6.169956
1996,18.24104,5.904619
1997,18.34781,5.762719
1998,17.7443,5.249892
1999,16.64838,5.128614
2000,16.49776,4.887512
2001,16.53927,4.835307
2002,16.14433,4.956316
2003,16.07198,4.865662
2004,15.41693,4.446264
2004,7.063313007,5.580263615
1961,5.927289,2.885454
1962,4.428364,2.425727
1963,5.01931,2.585252
1964,4.708868,1.71491
1965,4.482484,2.053422
1966,4.096068,2.242784
1967,4.684091,2.064633
1968,5.258846,1.805746
1969,4.823516,1.958511
1970,4.284171,1.663302
1971,4.533696,1.779856
1972,3.665449,1.318437
1973,3.755845,1.712468
1974,4.304948,2.089513
1975,3.294004,1.838597
1976,3.50562,1.664181
1977,4.309299,1.696307
1978,3.957107,1.44031
1979,3.583891,1.616824
1980,4.301425,1.517045
1981,4.24139,1.785452
1982,4.544026,1.8628
1983,5.077846,1.687741
1984,5.209984,1.950024
1985,5.071703,2.097203
1986,5.24479,1.643898
1987,5.286321,1.848962
1988,5.156341,1.7138
1989,5.02707,1.665641
1990,4.734638,1.262625
1991,4.979847,1.287541
1992,4.566751,1.085906
1993,5.123562,1.538909
1994,4.603834,1.027133
1995,4.981235,0.9652933
1996,4.707526,0.8616472
1997,5.209034,0.7926515
1998,4.837743,1.318808
1999,4.628674,1.221455
2000,4.643847,1.229001
2001,4.372579,0.6871724
2002,3.75316,0.889488
2003,4.567214,1.048374
2004,4.16287,0.9383833
2004,7.362030983,0.343973368
1963,7.147273,0.3510816
1964,6.164508,0.9152728
1965,6.440361,0.497628
1966,5.178927,0.3507546
1967,8.520576,1.054271
1968,7.323934,2.715208
1969,5.571596,1.308517
1970,7.060984,0.9226225
1971,7.08713,1.831857
1977,,0.0757692
1979,3.080571,0.3456988
1980,2.639829,0.5256463
1981,1.346651,0.0820086
1984,1.537492,0.2678788
1986,5.346683,1.022552
1987,5.905004,1.700646
1988,4.59584,0.8226081
1989,3.981843,0.8325154
1990,3.93206,0.7111649
1991,3.784978,0.8570762
1992,4.111893,1.093902
1993,4.049012,0.7572162
1994,3.246903,0.4675907
1995,4.400336,1.151244
1996,3.673022,0.719579
1997,3.540285,0.9284606
1998,3.993678,0.9521694
1999,4.876319,0.833605
2000,3.327062,0.748291
2001,3.707146,0.9213251
2002,4.648741,1.296
2003,4.535077,0.9491554
2004,3.874187,1.167424
2004,9.628465652,5.431053638
2004,10.65297794,4.794747829
2004,50.07269669,21.24728584
2004,2.085222006,1.005262375
2004,9.465991974,4.775053024
1955,29.80989,12.69632
1956,28.8267,11.16879
1957,31.86793,12.20223
1958,33.81632,13.77872
1959,37.93184,13.85482
1960,35.64537,13.98831
1961,36.41035,13.99279
1962,35.4479,13.61258
1963,37.48655,15.26564
1964,40.13111,15.11467
1965,41.3657,15.81352
1966,40.384,15.64082
1967,43.31554,15.6902
1968,46.6862,15.97417
1969,45.46218,15.77956
1970,47.39413,15.99266
1971,48.45286,17.12012
1972,49.40269,17.37899
1973,49.3895,16.99369
1974,53.98055,18.6133
1975,51.09961,17.40216
1976,52.82116,18.89012
1977,50.7207,19.96113
1978,55.56526,21.01015
1979,58.49247,20.91629
1980,59.33003,21.00696
1981,58.30769,22.75861
1982,56.75191,20.2928
1983,61.19543,20.97707
1984,61.69685,19.90151
1985,61.04953,17.93445
1986,59.7834,20.27017
1987,59.69981,19.99391
1988,52.35113,20.06003
1989,55.20204,17.6153
1990,53.53568,16.15175
1991,51.6224,15.35198
1992,52.8314,14.68765
1993,48.6875,13.48357
1994,48.54348,12.38292
1995,43.73508,11.98233
1996,44.25144,11.87498
1997,41.93054,10.7454
1998,43.28421,10.44197
1999,45.66346,10.64106
2000,43.9828,10.67224
2001,39.56583,9.227195
2002,38.08537,8.776537
2003,36.93882,8.222026
2004,35.98394,8.70322
2004,16.97234535,5.842729092
2004,22.67622375,14.30644226
2004,13.73718452,9.29459095
2004,6.884473324,5.179065228
2004,25.53655815,8.3937397
1950,4.257815,0.8519407
1951,4.003328,1.147528
1952,3.379071,0.8795826
1953,3.312277,0.8431673
1954,3.295372,0.7177907
1955,3.693148,1.028455
1956,4.446795,0.8246769
1957,3.893486,1.061786
1958,4.123925,1.196178
1959,3.956746,1.156083
1960,4.069189,1.646138
1961,5.203468,1.351529
1962,2.9876,0.8145017
1963,3.79027,1.372869
1964,3.54006,0.6879103
1965,3.147818,0.4480566
1966,3.492746,1.147462
1967,3.72761,1.278857
1968,4.147193,1.159696
1969,2.67232,0.9921009
1970,3.140356,0.5851788
1971,4.504058,1.637786
1972,4.594031,1.837284
1973,5.228618,2.035601
1974,6.608761,1.915172
1975,7.340617,3.126245
1976,8.450701,3.551923
1977,6.463584,3.664815
1978,7.106894,3.678854
1979,8.901459,3.02496
1980,9.243445,4.751621
1981,10.07419,4.323764
1982,10.92324,3.911616
1983,12.13038,4.951054
1984,9.854288,4.182046
1985,12.77354,3.596939
1986,12.74405,4.133846
1987,10.98195,3.492118
1988,11.45554,4.315279
1989,12.67582,3.673987
1990,15.01642,4.983715
1991,16.62988,3.663033
1992,17.709,3.235636
1993,14.81147,3.840218
1994,17.2518,4.877121
1995,17.80962,4.634556
1996,19.13942,3.451479
1997,20.39075,4.644797
1998,22.60519,3.808829
1999,17.90702,4.180132
2000,19.55845,4.057105
2001,20.49142,3.919842
2002,17.99144,3.920538
2003,17.11528,4.490198
2004,18.39432,3.41769
1975,9.721979,7.104736
1976,10.23713,5.999494
1977,9.466992,5.092841
1978,7.473373,5.041726
1979,10.13976,4.918262
1980,9.003123,4.146507
1981,7.551185,4.065509
1982,7.172948,4.224372
1983,9.083196,4.039836
1984,8.202235,3.747314
1985,8.362223,3.690757
1986,9.488293,4.69941
1987,9.961658,3.622077
1988,10.92935,4.246885
1989,12.22323,4.53929
1990,10.51637,3.713322
1991,11.64511,3.96209
1992,11.78218,4.04869
1993,11.1531,3.676736
1994,12.14614,4.021978
1995,10.02298,3.420748
1996,8.548947,2.505053
1997,10.8282,2.420717
1998,8.452549,2.555491
1999,10.25614,2.140876
2000,10.1516,2.617903
2001,10.45698,2.144401
2002,9.318308,2.672714
2003,10.95199,2.055687
2004,9.827754,2.572143
1951,10.56834,3.403254
1952,9.419112,3.411496
1953,9.245553,3.762159
1954,8.714149,3.424151
1955,9.726276,3.538924
1956,9.809807,3.559867
1957,9.338222,3.571236
1958,8.800449,3.459091
1959,8.862763,3.471756
1960,8.415583,3.44536
1961,7.635857,3.123026
1962,7.558838,2.932354
1963,7.125845,2.96182
1964,7.526105,2.867537
1965,7.641454,2.884943
1966,7.119586,2.762205
1967,7.635119,2.915639
1968,7.370347,2.851062
1969,7.380798,3.004217
1970,7.639218,3.126643
1971,7.915759,3.277322
1972,7.756282,3.193547
1973,7.658402,2.919297
1974,6.800586,3.024318
1975,7.211964,2.959525
1976,7.248129,2.989021
1977,8.112815,3.151382
1978,8.449119,3.165382
1979,8.912259,3.547825
1980,9.027985,3.782305
1981,8.725601,3.317748
1982,9.486133,3.507519
1983,9.647466,3.411837
1984,9.777494,3.606211
1985,10.40558,3.607491
1986,10.08643,3.607199
1987,9.914082,3.184254
1988,9.319981,3.258729
1989,9.314838,3.138868
1990,9.345504,3.135413
1991,9.380347,3.152732
1992,9.862364,3.063648
1993,10.31449,2.962984
1994,9.949718,2.843028
1995,9.913965,2.829177
1996,10.01252,3.056394
1997,10.06849,2.875446
1998,9.703516,2.616057
1999,8.712358,2.522697
2000,8.631232,2.567187
2001,8.530973,2.386306
2002,8.725682,2.270674
2003,8.375617,2.393229
2004,8.633946419,2.270322323
2004,6.62351799,2.366206169
1950,31.45158,18.59102
1951,27.70041,17.54239
1952,27.01533,17.70802
1953,29.35856,18.70844
1954,33.76961,19.78119
1955,35.86554,20.92908
1956,34.07982,21.07244
1957,33.22283,20.5632
1958,34.02403,21.98324
1959,29.81942,19.97823
1960,27.69466,19.14574
1961,24.9089,17.79087
1962,22.75598,15.54236
1963,21.05968,13.9991
1964,19.49205,13.43369
1965,19.2796,12.77739
1966,19.15462,13.45667
1967,17.67402,12.42193
1968,17.8174,12.68101
1969,17.68238,12.70211
1970,18.47334,13.086
1971,18.70253,13.03017
1972,20.30243,13.86707
1973,20.90846,14.20149
1974,20.67025,14.47614
1975,21.86653,13.86057
1976,21.39705,13.31338
1977,22.09973,12.90554
1978,21.96293,12.39004
1979,22.31732,12.38469
1980,21.80097,11.75796
1981,21.24925,10.92085
1982,21.64479,10.8324
1983,27.17256,11.59852
1984,25.70048,11.28145
1985,23.95406,10.91748
1986,25.33022,12.34518
1987,23.01839,11.12482
1988,21.18935,10.79308
1989,18.92735,10.15297
1990,17.74604,9.448299
1991,17.65038,8.853615
1992,18.8061,8.678051
1993,18.57446,8.09518
1994,19.17557,7.945656
1995,19.12862,8.228492
1996,19.65229,8.221194
1997,20.748,8.525414
1998,28.77222,10.53238
1999,28.70927,10.07857
2000,27.44144,9.527674
2001,26.51388,9.240021
2002,27.18034,9.138422
2003,29.66257,9.884797
2004,27.8544,9.467574
2004,0.283630043,0.107823528
1981,43.73993,10.70737
1982,43.36837,9.850085
1985,43.08025,10.27528
1986,30.60717,8.818217
1987,30.14775,8.599585
1988,31.31172,8.853513
1989,36.04646,9.610785
1990,34.24866,9.613778
1991,32.9904,8.350544
1992,35.02348,9.367308
1993,43.27874,9.806592
1994,45.19965,9.40272
1995,54.65893,9.738996
1996,57.25686,9.888084
1997,55.88801,9.658834
1998,54.42282,9.566568
1999,50.25275,8.703578
2001,55.28642,8.500433
2002,52.35789,8.623614
2003,52.60995,8.66642
2004,51.95907,8.599231
2004,14.45754814,7.663258076
1972,0.3662237,0.2315013
1975,0.7020963,0.2027273
1976,0.199697,0.1818349
1977,0.5481814,
1978,1.576248,0.7486228
1979,0.5554316,
1980,1.150244,0.4587432
1981,1.03524,1.228961
1982,0.0958275,0.1885224
1983,0.5089404,0.2795371
1984,0.6880475,0.6097794
1985,1.531896,0.3615558
1986,1.000153,0.4981179
1987,0.9669989,1.079387
1993,1.402896,0.8018389
1994,1.290962,1.649444
1995,1.831903,0.7495468
1996,1.579613,1.267969
1997,1.331465,2.075491
1998,1.152141,1.519149
1999,1.761245,1.15032
2000,1.265265,1.210588
2001,1.369139,0.7647457
2002,1.756376,1.27791
2004,1.716213107,1.153894782
1981,28.58997,7.50064
1982,29.45564,6.34895
1985,24.69476,7.063722
1986,18.85769,5.368869
1987,22.1455,7.401427
1988,22.76744,6.957907
1989,24.00299,7.492762
1990,25.39453,7.92241
1991,24.91979,7.180477
1992,23.53008,5.318038
1993,27.44796,6.514298
1994,29.95315,4.828927
1995,28.3238,7.441998
1996,23.81844,4.41672
1997,23.19876,4.538289
1998,22.62856,4.220627
1999,23.91368,4.674402
2000,21.69134,4.435472
2001,23.63354,3.433721
2002,22.53675,4.70046
2003,19.15894,3.463841
2004,17.17582,3.090236
2004,29.02600861,23.7233696
1980,51.12757,11.88666
1981,54.29832,10.81198
1982,51.78666,12.86586
1983,52.43972,11.15093
1984,53.00053,11.39347
1985,45.49139,10.6231
1986,38.77306,8.832312
1987,32.40071,10.62801
1988,34.17647,9.422872
1989,36.23455,11.68672
1990,41.49391,8.305492
1991,43.92165,9.872416
1992,54.53308,11.43828
1993,67.03622,13.42937
1994,65.94627,11.25131
1995,64.98832,11.79434
1996,58.97634,10.75871
1997,56.41026,10.56331
1998,54.36982,10.02606
1999,47.12212,10.01683
2000,50.59778,8.682847
2002,43.02149,8.689015
2003,39.45029,7.310288
2004,36.66391,6.048817
2004,6.463245392,5.278940678
2004,10.65846539,5.889326096
2004,10.86085796,3.77520299
2004,5.09806776,4.159276009
1981,59.5271,9.391936
1982,57.98292,10.94309
1985,57.3445,11.62064
1986,41.92893,8.948446
1987,48.08079,9.742769
1988,41.86627,10.22528
1989,45.26484,8.518539
1990,43.23142,8.18327
1991,51.08331,10.01307
1992,56.6729,11.65289
1993,72.05504,12.01923
1994,80.42894,11.82504
1995,77.84416,13.48254
1996,78.36723,14.54227
1997,76.52863,12.66714
1998,72.58926,11.8952
1999,73.37201,11.7318
2000,75.07941,13.98588
2001,71.12936,12.04878
2002,74.2965,10.12422
2003,67.59232,11.06494
2004,63.30873,11.23422
2004,19.57855034,5.768095493
1991,10.34967,5.264551
1992,9.974013,5.215999
1993,10.00163,5.450121
1994,8.331466,4.786742
1995,8.760571,4.383663
1996,10.43821,4.035392
1997,11.31281,3.823972
1998,9.417238,5.2374
1999,11.20772,4.723891
2000,9.676953,4.055635
2001,10.42244,3.230196
2002,9.458357,4.228063
2003,8.966763,3.42506
2004,12.57811737,3.403936386
2004,7.469148636,4.220290184
2004,14.21405125,6.541824818
2004,11.24002647,5.219151974
2004,24.83204079,19.88921928
2004,12.14257908,5.074855328
2004,6.397085667,2.803545952
2004,7.452305794,7.016569614
2004,8.99184227,4.997253418
1961,8.109496,0.8261023
1962,4.714847,0.9853638
1963,6.914414,0.6893913
1964,6.4175,1.376559
1965,9.672784,0.7797109
1966,8.486679,2.230799
1967,5.040606,1.89526
1968,4.105849,1.699673
1969,3.315053,0.234245
1970,3.976964,0.8703529
1971,7.430753,2.449282
1972,4.729221,1.042842
1973,12.32525,4.143795
1974,7.918767,2.354944
1975,12.88013,4.791313
1976,8.530642,5.306667
1977,9.382297,3.497532
1978,13.34285,3.660588
1979,12.43535,3.85744
1980,6.507028,
1981,2.273843,1.682621
1982,3.131053,0.7379744
1983,1.766145,1.874342
1984,15.18018,9.486123
1985,14.71901,7.364926
1986,3.849217,1.337873
1987,18.45087,10.09053
1988,24.74358,10.14206
1989,22.54805,7.237272
1990,19.33844,10.16941
1991,18.88888,8.037538
1992,20.53346,8.41322
1993,18.11204,8.027224
1994,19.3467,3.82664
1995,22.02524,6.123081
1996,21.04854,6.467022
1997,18.15487,3.519147
1998,19.75582,6.959721
1999,19.72894,8.945867
2000,18.36972,4.995429
2001,13.11333,6.136876
2002,17.32174,4.66105
2003,10.97633,3.985688
2004,12.40219,3.52988
1955,2.442184,0.7036235
1956,3.054957,1.010261
1957,3.093501,1.000293
1958,3.744399,1.090594
1959,4.117249,1.153708
1960,3.810233,1.267063
1961,3.786989,0.9837637
1962,3.753606,0.7359514
1963,3.94489,1.070004
1964,3.859069,1.06657
1965,3.520888,1.139985
1966,3.498576,1.055895
1967,4.198729,1.275057
1968,3.522933,0.8262541
1969,1.750028,0.2955154
1970,2.704732,0.5537056
1971,1.672822,0.3251885
1972,1.668862,0.3462555
1973,1.54622,0.3002614
1974,4.694814,0.9812592
1975,3.877176,0.7468019
1976,3.485934,0.7708514
1977,4.002292,0.8056478
1978,3.61315,0.8383937
1979,3.385037,0.7557345
1980,2.958694,0.6704537
1981,3.611081,0.8834986
1982,3.569586,0.8242058
1983,3.16798,0.7340415
1984,2.735613,0.4477717
1985,4.388904,0.7602599
1986,4.931581,0.7355883
1987,4.761468,0.8270538
1988,4.675809,0.7707267
1989,5.103009,0.8070925
1990,5.159819,0.7400703
1991,5.271922,0.8179485
1992,5.644625,0.850549
1993,5.828907,0.8181823
1994,6.185221,0.9178948
1995,6.563968,0.9948026
1996,6.434082,1.055193
1997,6.783051,1.104328
1998,6.607656,1.03723
1999,6.469207,1.020981
2000,6.586875,1.06394
2001,6.934207,1.325666
2002,6.927197,1.274557
2003,7.313923,1.343468
2004,7.273506,1.295992
2004,4.994344711,4.526386261
1981,31.79197,10.5142
1982,33.56363,10.14406
1985,34.78332,9.151825
1986,29.58637,9.944036
1987,25.8159,9.799662
1988,26.58922,8.88693
1989,28.17586,8.246838
1990,25.35026,6.287681
1991,27.13063,8.331331
1992,27.22224,6.45459
1993,28.77981,6.722978
1994,31.21967,7.346989
1995,31.1594,7.698922
1996,31.53888,5.795405
1997,30.08745,5.846859
1998,27.69531,5.669214
1999,28.15378,4.727281
2000,26.76741,3.701661
2001,29.66905,4.849782
2002,27.17534,4.689592
2003,29.75085,4.040868
2004,27.48099,4.56739
2004,16.13042831,6.649781227
2004,21.09290123,5.467162132
2004,2.114463806,2.103894472
2004,14.27197266,7.518768787
2004,11.88899899,8.503791809
2004,10.43633842,6.017440796
2004,,7.383360386
2004,12.46957016,11.0800848
1950,8.039651,3.744579
1951,8.482972,4.227506
1952,8.698343,4.422934
1953,9.010217,4.562708
1954,8.812166,4.202166
1955,7.916481,4.493865
1956,7.391158,4.742193
1957,7.700355,5.203328
1958,8.729427,4.85878
1959,8.965101,5.18896
1960,8.495128,4.930501
1961,8.769533,4.54734
1962,8.121627,5.07273
1963,8.018279,4.33125
1964,8.375566,4.747222
1965,8.748899,4.985938
1966,9.091191,5.025103
1967,8.141103,4.292456
1968,7.997426,4.444892
1969,9.161488,5.425861
1970,9.999104,5.844768
1971,9.85916,6.256476
1972,10.01003,6.132082
1973,9.965838,7.13018
1974,10.98987,7.009837
1975,10.67603,6.755897
1976,11.74353,6.569001
1977,11.35804,6.404231
1978,10.81731,7.609007
1979,11.42149,8.34603
1980,12.25749,6.768595
1981,11.62244,7.055374
1982,12.28275,7.512334
1983,13.58843,8.236408
1984,14.05566,8.413709
1985,13.42081,7.089713
1986,12.60984,7.230734
1987,12.37732,7.297407
1988,11.90292,6.42893
1989,11.62136,6.523096
1990,10.99034,6.01471
1991,12.30201,6.40885
1992,12.19641,6.017884
1993,11.95048,5.763029
1994,12.48828,5.500875
1995,11.48045,5.538633
1996,11.84606,5.657825
1997,12.00938,5.608297
1998,11.37566,5.297546
1999,11.32623,5.338056
2000,11.08765,5.102808
2001,10.94884,4.81331
2002,11.49452,5.074299
2003,10.90696,4.740516
2004,10.90343,4.820316
1950,13.89064,4.481789
1951,14.91607,4.672656
1952,15.44309,5.083133
1953,14.08076,5.456119
1954,13.28927,4.08312
1955,13.36108,4.86399
1956,12.77258,6.256191
1957,14.48438,5.678879
1958,15.47747,5.049273
1959,14.46098,4.172358
1960,15.0164,5.637225
1961,13.98603,4.213583
1962,12.55061,5.705343
1963,13.5933,7.09114
1964,10.69769,6.523703
1965,13.44075,6.486658
1966,12.77665,7.067789
1967,15.63173,6.267512
1968,14.34453,6.611498
1969,14.42566,7.370731
1970,13.80316,6.69521
1971,11.45277,6.462817
1972,12.8555,6.371082
1973,13.34896,5.389634
1974,13.4118,5.982979
1975,13.81855,6.664862
1976,13.45243,6.122365
1977,17.74372,7.341437
1978,13.92594,7.50095
1979,14.39595,5.64398
1980,14.81399,7.007597
1981,15.79176,4.823435
1982,16.25312,6.611544
1983,15.45569,6.228209
1984,18.31777,5.417628
1985,15.46376,4.880707
1986,18.28667,6.580908
1987,21.75726,5.825074
1988,22.54321,5.668206
1989,22.05261,5.311521
1990,21.46452,5.137218
1991,21.63859,5.128064
1992,22.40842,5.231815
1993,19.34185,4.999377
1994,22.47202,5.328048
1995,23.36297,6.067229
1996,22.9649,5.941496
1997,23.70467,6.336947
1998,23.57084,6.807942
1999,20.3601,6.696422
2000,19.92565,4.168914
2001,20.36251,5.886771
2002,18.08962,5.621368
2003,18.50447,6.62168
2004,18.7397,5.336744
2004,19.36138535,5.211092949
2004,13.03199673,5.039722919
2004,10.24538708,5.225975037
2004,4.736305237,3.615885019
2004,5.744086266,3.947198868
1951,9.586143,2.511076
1952,9.674347,3.233227
1953,10.26842,3.739577
1954,11.47895,2.320111
1955,10.91266,2.835984
1956,11.01718,2.458401
1957,10.88116,2.591909
1958,10.88523,2.396795
1959,10.94218,3.491517
1960,9.923195,2.268944
1961,10.12493,2.481758
1962,11.8351,2.784527
1963,10.9406,3.785133
1964,10.57239,2.76714
1965,11.25852,3.257871
1966,9.917175,3.103798
1967,9.680084,3.112187
1968,11.62396,3.539284
1969,12.2322,3.067463
1970,11.31155,4.704581
1971,11.69867,3.96741
1972,12.30194,4.859923
1973,12.6014,3.832234
1974,15.68005,4.290132
1975,13.57743,5.209936
1976,15.16921,5.316265
1977,16.34398,5.847558
1978,16.50862,5.967258
1979,16.30507,6.941861
1980,17.19674,6.125055
1981,18.20749,6.097747
1982,19.63434,7.106333
1983,20.02865,7.45241
1984,20.25437,6.493855
1985,19.7182,7.075398
1986,19.11323,6.891037
1987,21.47536,7.194898
1988,22.80284,8.539811
1989,20.99599,7.523332
1990,21.06987,7.021215
1991,21.73295,7.08075
1992,19.269,6.815001
1993,19.00583,5.635677
1994,16.54569,6.18733
1995,17.49037,5.659612
1996,16.32568,5.425931
1997,16.12466,5.889028
1998,17.13272,6.086514
1999,18.41498,6.462259
2000,17.4731,5.419983
2001,16.88968,5.784705
2002,14.7379,5.360832
2003,15.48331,5.2304
2004,14.72305,6.822908
2004,5.770564079,0.510549843
2004,12.80295563,13.0262146
2004,6.420404434,4.798904896
1984,2.677613,0.5404561
1985,4.880816,1.320754
1986,7.453704,1.417001
1987,7.03057,2.05939
1988,6.491446,1.931315
1989,5.891897,0.8963737
1996,7.942142,1.198894
1997,9.672293,1.678765
1998,9.496749,1.868072
1999,9.451866,1.375172
2000,9.406568,1.323197
2001,9.974922,1.664682
2002,9.449,2.152816
2003,12.00731,1.405318
2004,10.25313,2.161664
2004,13.90877914,9.99246788
1994,4.584146,1.436651
1995,4.374225,1.499484
1996,3.474399,1.304838
1997,3.944752,1.73492
1998,4.748592,1.782107
1999,4.835973,2.292752
2000,4.807024,1.923762
2001,4.397122,2.041138
2002,4.405669,2.415609
2003,5.352427,1.44981
2004,6.300021,2.680549
2004,2.261820793,1.100675225
1992,0.9311314,0.3531852
1993,1.832395,1.117274
1997,2.038935,0.6920957
1998,2.246799,0.6745756
1999,2.524964,0.8156066
2000,3.356358,1.070988
2001,2.850168,0.818037
2002,2.912669,0.8554534
2003,3.327663,1.090869
2004,2.897451401,0.978919387
1959,12.70909,2.747147
1960,15.26993,3.093132
1961,16.48747,3.454455
1962,17.04397,3.917751
1963,15.9283,3.069671
1964,15.60385,3.544581
1965,16.65403,3.45191
1966,18.33489,3.494119
1967,18.63399,3.588097
1968,19.29843,3.730314
1969,19.67064,4.121762
1970,19.90533,3.980076
1971,20.53902,3.948938
1972,20.81304,4.001822
1973,20.09303,4.150195
1974,18.91307,4.003276
1975,19.47337,3.546349
1976,20.64356,3.812861
1977,21.1773,3.852462
1978,22.7674,3.962742
1979,21.77376,3.860626
1983,20.75966,4.08059
1984,23.47479,4.651175
1985,22.48614,4.246272
1986,22.05907,4.181237
1987,22.32526,4.44194
1988,20.4385,4.055269
1989,19.20991,3.455828
1990,21.80875,4.15857
1991,23.52237,4.081217
1992,24.77587,4.548273
1993,24.1463,4.538097
1994,23.88444,4.06301
1995,23.23887,4.197458
1996,22.86383,4.055182
1999,23.99116,3.801051
2000,24.09536,4.231325
2001,24.36005,3.653028
2002,23.81813,4.133393
2003,23.72717,3.708668
2004,24.48841,3.808252
1955,17.64085,3.702455
1956,19.45899,3.940488
1957,15.13619,3.718987
1958,15.86168,4.296834
1959,17.57792,3.593614
1960,15.62394,3.828558
1961,15.59241,4.325647
1962,15.29534,3.634641
1963,16.98588,3.943712
1964,17.21899,3.662016
1965,16.74667,3.698461
1966,16.89507,4.279377
1967,17.8147,4.116631
1968,16.24837,4.191739
1969,15.34483,3.755364
1970,14.00468,3.451541
1971,14.65669,3.051788
1972,13.66216,3.389121
1973,13.8918,3.84974
1974,13.44235,4.067813
1975,13.58661,3.812816
1976,14.80046,3.584012
1977,14.78496,4.169503
1978,15.07431,4.579728
1979,16.00327,4.602372
1980,11.57745,3.716932
1981,11.37313,4.197906
1982,11.82911,4.521269
1983,14.21444,4.759202
1984,14.50422,5.48386
1985,13.71392,4.810634
1986,13.12105,4.44743
1987,13.70485,4.137074
1988,11.75629,3.085557
1989,10.24533,3.051861
1990,11.86659,3.523117
1991,12.90046,3.671722
1992,11.33786,3.683841
1993,10.25197,2.952558
1994,10.36056,2.548767
1995,10.00548,3.395956
1996,8.146134,2.22119
1997,7.980776,2.068861
1998,6.792208,1.814767
1999,6.400009,1.79163
2000,6.44314,1.389155
2001,9.318607,2.32396
2002,14.73372,3.671439
2003,13.41181,3.534476
2004,13.76813889,3.381770134
2004,2.964822054,1.045888662
1989,16.06707,5.014796
1990,12.80949,4.192598
1991,13.64045,3.973474
1992,17.55805,4.349811
1993,18.59851,4.347254
1994,19.49762,4.401498
1995,19.07028,4.051436
1996,19.61836,3.588795
1997,20.02037,3.560557
1998,19.44814,3.631034
1999,18.49115,3.619731
2000,19.07485,3.615755
2002,21.09002,3.855283
2003,19.59083,3.69424
2004,18.64492,3.121014
1980,58.29149,11.74176
1981,57.86173,11.10731
1982,58.34574,11.11159
1985,51.74969,10.43172
1986,36.58615,9.077941
1987,37.2289,8.884953
1988,38.88858,9.290985
1989,42.18855,8.938926
1990,43.18558,9.153014
1991,43.42383,8.857314
1992,50.95888,9.652694
1993,63.54155,10.85074
1994,70.80212,11.25802
1995,68.898,11.46194
1996,65.76081,10.38183
1997,61.91758,10.09711
1998,57.94143,9.408822
1999,63.71744,10.43329
2000,64.35001,9.611029
2001,64.83901,9.607494
2002,61.97556,9.507463
2003,57.86199,8.762399
2004,54.67918,8.535518
2004,18.921278,8.442500114
2004,13.45894718,3.418027878
2004,16.99948692,2.656747818
2004,5.689428329,5.327689648
2004,11.30418301,1.48657012
2004,16.89408112,4.831316948
2004,9.673741341,1.565913439
2004,8.77296257,4.915722847
1998,22.89251,8.27764
1999,24.31089,8.78235
2000,23.60471,8.410382
2001,22.51401,7.373667
2002,22.5509,6.859787
2003,21.68016,6.705021
2004,20.55656,6.408779
1997,20.46484,8.296897
1998,18.44108,7.301694
1999,19.36547,7.754066
2000,19.00419,7.298211
2001,21.81269,7.597809
2002,22.51922,6.965185
2004,21.85721207,7.888039589
2004,18.95357704,0.181349486
2004,18.47812271,5.969195366
1963,23.81263,8.783051
1964,26.285,6.314593
1965,20.56229,9.557222
1966,21.63776,12.75478
1967,20.38548,12.00578
1968,26.26588,13.36652
1969,19.04925,9.926293
1970,18.08541,10.17527
1971,21.16017,12.70751
1972,24.37683,10.04345
1973,19.51924,12.3076
1974,17.56336,11.04292
1975,21.20148,12.11277
1976,17.15116,13.04941
1977,17.07851,10.16335
1978,19.87191,11.37953
1979,16.96606,11.69068
1980,15.53009,11.12292
1981,10.35475,7.922733
1982,13.58239,9.559989
1983,14.48873,10.14531
1984,11.12177,8.15266
1985,17.34895,11.86326
1986,17.41698,11.81259
1987,15.77262,10.68006
1988,19.11974,11.93868
1989,18.14982,14.02505
1990,15.68499,11.16215
1991,13.34104,8.649853
1992,11.25651,8.135537
1993,12.69303,7.110344
1994,13.65429,8.529442
1995,15.9881,9.003538
1996,10.57574,5.782323
1997,12.93756,6.473236
1998,13.02632,8.096891
1999,11.69702,5.253664
2000,12.15388,6.083872
2001,11.51825,6.494368
2002,10.89183,7.102538
2003,11.57308,6.3655
2004,11.07157,6.623429
1992,24.55667,4.573492
1993,23.30262,3.821248
1994,21.88799,3.597469
1995,22.61441,4.147551
1996,20.70107,3.37746
1997,19.00266,3.290371
1998,20.6374,2.69374
1999,20.84727,3.184771
2000,20.64439,4.106474
2001,20.19924,3.365531
2002,21.08754,2.965688
2003,21.93771,3.029095
2004,18.80426,3.281882
1985,49.74031,12.53832
1986,45.46986,11.278
1987,43.51923,14.18022
1988,45.24703,14.21275
1989,49.92982,13.43268
1990,40.50645,10.27987
1991,47.60148,11.83989
1992,41.5381,11.20632
1993,45.79264,10.36683
1994,44.6827,11.13168
1995,40.24912,9.963476
1996,41.8033,11.27626
1997,43.11447,9.36951
1998,43.31761,10.72607
1999,40.34452,10.64391
2000,38.12474,11.61877
2001,39.62702,8.804616
2002,36.0453,7.833283
2003,36.90978,8.426601
2004,30.2476,10.38242
2004,4.892630577,4.040680885
2004,33.02750778,26.97296906
2004,25.56507301,7.15562439
1985,15.14904,5.164001
1986,14.10982,4.503972
1987,12.94893,4.490364
1988,10.84375,4.082624
1989,10.94012,4.329062
1990,11.11413,4.475991
1991,10.50475,4.283374
1992,11.9305,4.848248
1993,13.87159,5.720911
1994,13.86809,5.958957
1995,15.5097,6.443645
1996,18.53007,7.577933
1997,18.86672,7.614263
1998,27.23122,9.56099
1999,21.82271,8.383825
2000,19.49983,7.674746
2002,25.43147,10.06169
2003,31.80959,12.45745
2004,32.49784,12.98079
1951,9.702232,2.915054
1952,9.558169,3.295042
1953,9.907714,2.903252
1954,9.811701,2.741883
1955,9.078657,2.602778
1956,8.4275,2.761642
1957,8.271105,2.79407
1958,7.950587,2.625093
1959,8.285385,2.562132
1960,8.75699,2.803123
1961,8.461027,2.385278
1962,7.780812,2.371431
1963,7.738816,2.402251
1964,7.945112,2.240458
1965,7.393143,2.283824
1966,7.401293,2.059052
1967,6.953454,2.123657
1968,6.485275,2.122182
1969,7.010796,1.938205
1970,6.105517,1.93455
1971,6.674414,1.917329
1972,6.796092,2.058717
1973,6.232269,2.115611
1974,5.827903,2.00362
1975,5.948262,1.77509
1976,6.134294,1.929668
1977,6.078854,1.910029
1978,6.020765,1.954299
1979,6.210747,1.853791
1980,6.603395,1.883753
1981,6.697839,2.020587
1982,6.928572,2.28023
1983,8.026987,2.525702
1984,9.143158,2.763804
1985,8.970794,2.842288
1986,9.882834,2.970881
1987,9.589047,3.256647
1988,10.19932,3.251727
1989,10.37489,3.022854
1990,9.793649,3.133903
1991,9.688658,2.96489
1992,9.450427,2.581168
1993,10.25855,2.883488
1994,10.76954,2.781699
1995,10.46919,2.815258
1996,10.61616,3.340948
1997,10.81126,3.125757
1998,10.51271,2.807407
2001,9.610643,2.681486
2002,9.880076,2.882634
2003,10.01017,2.899261
2004,9.851422,2.90705
1950,11.23527,5.011446
1951,11.83208,5.744753
1952,11.01291,6.003711
1953,12.21064,5.24056
1954,13.30095,6.659508
1955,12.22634,5.416183
1956,14.26081,5.432433
1957,15.28692,5.603672
1958,16.09668,5.405377
1959,14.39286,6.397889
1960,17.80459,7.043905
1961,16.79716,7.529852
1962,20.91992,7.576896
1963,22.63954,7.620313
1964,23.8775,10.14845
1965,22.40617,9.222506
1966,22.30304,9.719633
1967,30.02351,11.24375
1968,30.64032,10.70995
1977,27.81343,13.8749
1980,44.05927,19.61821
1981,43.24277,20.28778
1982,48.3875,20.90057
1983,52.87107,22.912
1984,54.59535,22.64383
1985,54.09293,21.2685
1986,52.7536,18.22672
2004,45.63751602,11.60693264
2004,13.63727474,5.942135334
2004,32.64708328,9.536875725
2004,15.46560764,10.95679283
1951,22.75544,6.732965
1952,23.79813,6.355847
1953,25.09013,8.111773
1954,22.64736,7.265455
1955,24.01801,7.44846
1956,27.58143,8.021605
1957,27.5053,7.768376
1958,22.66192,7.471743
1959,23.97156,8.108604
1960,23.1223,7.636769
1961,22.46557,7.284967
1962,24.42081,8.2514
1963,23.8648,9.054564
1964,25.36592,9.76568
1965,24.45315,9.071277
1966,25.92117,9.653698
1967,28.58081,10.20974
1968,28.32438,10.59062
1969,27.89718,11.44526
1970,27.94622,12.03901
1971,25.62592,10.92553
1972,26.40089,10.18762
1973,26.72003,10.68142
1974,25.65115,10.09709
1975,25.09587,10.09
1976,23.96432,10.32404
1977,25.32167,9.669584
1978,23.56358,10.30105
1979,25.16924,11.4315
1980,24.84582,9.911782
1981,21.72765,8.982367
1982,24.28831,9.636292
1983,23.87742,9.449626
1984,24.32954,10.33465
1985,21.81473,9.789674
1986,23.5359,8.991082
1987,22.45296,9.136179
1988,22.8015,9.808012
1989,23.22564,9.041406
1990,20.25444,8.702847
1991,20.8868,8.587622
1992,18.26786,7.952881
1993,18.6778,8.081827
1994,17.96867,6.964609
1995,18.26309,7.473848
1996,16.91674,6.875292
1997,16.63838,6.559667
1998,16.67499,6.12134
1999,16.52089,6.816168
2000,15.12617,6.059021
2001,15.56608,6.287191
2002,16.2871,5.752751
2003,14.4671,6.393465
2004,15.61782,5.873864
1951,30.33841,10.56031
1952,31.03502,10.23782
1953,32.949,9.007576
1954,32.62229,10.58802
1955,29.88089,10.81122
1956,30.60099,10.37492
1957,30.61531,9.359056
1958,30.13363,10.11771
1959,28.95568,8.415977
1960,26.92226,9.792006
1961,25.2364,9.92152
1962,26.94219,9.488377
1963,24.4753,8.777312
1964,23.65306,8.980412
1965,26.95374,8.868424
1966,26.39052,9.2642
1967,26.06185,8.265817
1968,24.53819,8.602951
1969,24.43914,8.789406
1970,26.53881,8.986479
1971,25.04941,10.31645
1972,27.07225,10.10586
1973,26.00314,9.492155
1974,27.55334,11.08497
1975,31.20489,11.43602
1976,30.42174,11.17744
1977,31.97277,12.54905
1978,32.02621,12.59602
1979,31.89702,13.63322
1980,33.44262,13.08645
1981,30.5427,12.42186
1982,32.01274,12.3916
1983,33.21622,11.6622
1984,32.21432,11.83314
1985,31.32168,12.83876
1986,28.92554,10.98364
1987,30.45419,10.70665
1988,28.15347,10.14532
1989,28.38021,10.74188
1990,26.94739,10.18671
1991,29.20185,9.104451
1992,26.72009,8.590002
1993,25.56555,9.120775
1994,26.74516,9.546003
1995,25.19455,8.803282
1996,25.09206,9.073054
1997,23.76165,7.795402
2001,21.919,7.853479
2002,22.44623,9.060589
2003,19.12907,7.772471
2004,18.738,7.944855
2004,0.597565532,0.446933389
2004,3.257120609,2.107353687
2004,17.50307846,7.750602245
2004,14.74799156,5.488035202
2004,12.34579182,6.960760593
2004,8.492129326,4.514622211
2004,3.846517801,5.062223911
1951,5.785297,2.726427
1952,7.27397,3.557668
1953,10.18897,2.513744
1954,8.769217,3.52006
1955,13.79281,2.951571
1956,12.91296,2.004345
1957,14.62698,1.002481
1958,7.793511,1.997751
1960,6.642903,1.929697
1961,7.362831,2.060731
1962,6.522882,1.422584
1963,5.279912,0.6129742
1967,8.358265,1.817805
1968,11.58803,5.748702
1970,15.66931,4.756058
1971,10.35357,1.656986
1972,16.13442,6.732993
1973,16.64358,5.951644
1974,11.05883,6.169045
1975,13.91031,6.241136
1976,14.94793,5.048275
1977,13.52917,5.142674
1978,8.303322,1.132487
1979,7.63773,3.493548
1980,7.16725,1.637456
1981,7.789286,2.97772
1982,11.10799,3.640255
1983,13.98364,4.719494
1984,9.777418,3.369459
1985,4.584487,0.7385139
1986,13.30337,5.986737
1987,16.99072,4.617908
1988,22.93384,7.859989
1989,25.24604,6.960498
1990,22.43776,7.57019
1991,20.94859,5.057765
1992,22.6082,4.470154
1993,23.88354,4.523787
1994,19.5026,5.045835
1995,27.16472,6.311679
1996,20.38877,5.349893
1997,22.11063,4.776528
1998,23.93831,4.401545
1999,19.1211,4.499389
2000,22.07167,4.841399
2001,22.7507,5.463157
2002,20.08665,3.737824
2004,22.53356361,7.175161362
2004,4.329698563,1.971736789
2004,4.583178043,2.639457464
1981,18.75795,6.226524
1982,14.01583,6.27384
1985,15.12287,4.886627
1986,16.7749,7.469977
1987,14.81979,7.609131
1988,14.73198,6.029309
1989,13.47969,5.757218
1990,15.5346,5.822345
1991,13.32006,5.606867
1992,13.22693,5.243183
1993,11.72937,4.095586
1994,10.02413,4.861675
1995,11.29969,2.616967
1996,12.59451,3.076711
1997,13.42804,3.446744
1998,16.84886,4.092763
2004,20.89617538,4.012059212
2004,8.264158249,7.446298599
1982,47.42691,9.485607
1983,49.35331,9.808056
1984,51.90044,10.17777
1985,42.3809,8.968728
1986,31.0752,8.041356
1987,31.58979,8.053088
1988,32.15807,8.14377
1989,35.44636,8.102757
1990,35.57103,8.005068
2004,16.82118797,8.046066284
1981,39.32916,7.436482
1982,40.96602,7.745018
1985,36.04244,7.111
1986,28.38107,6.966435
1987,29.96474,7.1759
1988,29.28366,7.015817
1989,33.20305,7.286044
1990,32.74656,6.774807
1991,32.91568,6.531469
1992,35.71603,7.356577
1993,38.55526,7.255165
1994,43.18591,7.740508
1995,46.52814,7.520094
1996,48.82568,7.687284
1997,47.38778,7.998254
1998,46.86461,8.130715
1999,45.97361,7.55036
2000,46.48815,7.670717
2001,43.15834,6.383736
2002,41.1476,6.361105
2003,40.38043,6.256175
2004,37.3636,5.39009
2004,1.806055069,0.274214566
1950,11.43233,5.367217
1951,11.29382,5.466589
1952,11.12799,5.059583
1953,11.91818,5.663029
1954,12.4511,6.053491
1955,12.10914,6.340184
1956,12.56579,6.697222
1957,12.40468,6.864992
1958,12.51756,6.803025
1959,12.18669,6.780856
1960,11.99681,6.661391
1961,11.75955,6.950402
1962,12.65946,7.493289
1963,12.7929,7.807155
1964,12.07235,7.645912
1965,11.1514,7.214386
1966,10.85252,6.986245
1967,10.5854,6.294775
1968,10.20879,6.129091
1969,9.582495,5.7487
1970,8.719311,5.405731
1971,8.665622,5.371745
1972,8.545503,5.229085
1973,8.747685,5.33337
1974,8.895075,5.380699
1975,8.450904,5.148705
1976,9.011999,5.041883
1977,9.162452,5.316658
1978,9.446365,5.232867
1979,9.980624,5.512966
1980,10.2206,5.566744
1981,10.73835,5.229814
1982,10.81128,4.948067
1983,10.84736,4.734631
1984,10.98399,4.635503
1985,11.32458,4.682991
1986,11.13024,3.999975
1987,10.68571,3.807797
1988,11.81646,3.846012
1989,10.57383,3.181611
1990,11.51284,3.194811
1991,11.40854,3.013177
1992,11.54631,3.054398
1993,11.11882,2.900457
1994,10.92725,2.795025
1995,10.76036,2.725696
1996,10.08934,2.828773
1997,10.15644,2.762585
1998,10.81911,2.856035
1999,10.81001,2.861329
2000,10.33551,2.871172
2001,10.20752,2.635219
2002,10.09898,2.755822
2003,9.572784,2.660466
2004,9.783954,2.879764
1950,17.77851,4.960009
1951,16.28027,4.561817
1952,15.88175,4.287655
1953,16.20172,4.190372
1954,16.45053,4.078955
1955,16.17426,4.496099
1956,15.95694,4.375252
1957,15.77539,4.237473
1958,17.29955,4.739722
1959,17.16739,4.696201
1960,17.11468,4.97594
1961,16.7991,4.965976
1962,17.32314,5.601066
1963,17.41107,5.965665
1964,17.04449,5.833147
1965,17.31475,6.312077
1966,17.10003,6.091924
1967,16.70201,6.288045
1968,16.6772,6.063595
1969,16.96198,6.495037
1970,17.55323,6.764477
1971,17.43881,6.994441
1972,18.07107,6.896132
1973,18.12635,6.578322
1974,18.35826,6.579705
1975,18.84915,6.739123
1976,18.36837,6.497314
1977,19.44749,6.599395
1978,18.25219,6.084483
1979,17.98113,5.831119
1980,17.9068,5.254861
1981,17.93703,5.563645
1982,18.37661,5.313848
1983,18.32817,5.124713
1984,18.6866,5.124178
1985,18.82926,4.825583
1986,19.42881,5.030247
1987,19.24467,4.862983
1988,18.87749,4.656812
1989,18.74973,4.476208
1990,19.17359,4.463702
1991,18.97799,4.323066
1992,18.50595,4.237412
1993,18.74911,4.269796
1994,18.72958,4.120951
1995,18.6631,4.027353
1996,18.05777,4.012577
1997,17.49109,4.041173
1998,17.311,3.971198
1999,16.37104,3.740543
2000,15.8555,3.634614
2001,16.30071,3.722382
2002,16.45662,3.841498
2003,16.13232,3.837264
2004,16.18447,4.175814
1955,18.04284,7.821382
1956,21.16918,9.487456
1957,17.06626,7.101563
1958,18.14059,5.600165
1959,19.27122,5.789924
1960,19.4641,7.090849
1963,16.80121,4.748742
1964,14.15188,3.986283
1965,17.79073,5.687175
1966,17.03898,5.505983
1967,16.58594,5.024784
1968,16.8644,4.872096
1969,16.61457,5.634128
1970,14.48357,5.243791
1971,17.2133,4.628649
1972,18.96768,4.473436
1973,19.29246,4.54467
1974,17.8912,6.014835
1975,16.71816,4.083939
1976,16.20861,5.437172
1977,19.51051,4.145528
1978,16.40801,4.677876
1980,15.75476,2.957085
1981,15.45711,2.594344
1982,18.11897,3.678551
1983,18.61906,3.279607
1984,18.0129,3.863088
1985,15.76493,3.107611
1986,13.39979,3.52106
1987,12.65487,3.911052
1988,13.91242,3.361566
1989,17.94848,4.188364
1990,16.42166,3.695709
1993,19.61811,5.488769
1994,20.18342,4.154894
1995,20.36055,5.791384
1996,19.37699,4.79489
1997,22.63041,4.889874
1998,25.5048,5.797886
1999,22.12918,4.640351
2000,27.87655,5.195457
2001,23.17886,5.992177
2004,24.62257,5.87522
1981,15.05294,4.706081
1982,14.24871,4.700735
1985,16.64022,5.843649
1986,15.14436,5.153222
1987,13.19061,5.550764
1988,11.97316,5.186389
1989,14.47702,5.754392
1990,13.63582,5.557875
1991,13.81388,4.245213
1992,12.09948,3.858855
1993,12.4207,3.871968
1994,13.04666,3.723653
1995,13.9437,3.704561
1996,15.54354,3.800148
1997,13.59914,3.434181
1998,13.49692,3.408654
1999,14.07134,3.905299
2000,14.4234,4.224298
2001,13.80541,3.965342
2002,10.84465,3.367691
2003,9.563709,3.1516
2004,8.335874,2.460547
2004,5.264332771,4.640526295
1955,11.71573,2.761771
1956,12.50311,3.440769
1957,10.25231,2.740319
1958,12.44056,3.402511
1959,10.96162,4.563677
1960,12.09969,3.825712
1961,10.9523,4.445967
1962,10.84552,4.279155
1963,11.38046,4.085367
1964,12.68132,3.904315
1965,13.46029,3.980485
1966,14.03911,4.737731
1967,12.96048,4.284422
1968,12.4001,4.133926
1969,15.00241,5.088382
1970,14.48611,4.608035
1971,13.47754,4.265741
1972,13.02315,4.063846
1973,12.89934,3.198213
1974,10.29035,2.95806
1975,11.37829,3.108485
1976,10.09245,2.485117
1977,9.832047,2.247088
1978,10.68574,2.456438
1979,8.958564,1.899036
1980,11.24496,2.16434
1981,9.579517,2.010783
1982,9.191083,2.33286
1983,10.54608,2.257488
1985,10.37314,2.101539
1986,10.01337,2.033747
1987,9.010385,1.909971
1988,10.07475,1.672729
1989,9.943327,2.104551
1990,10.37613,2.247543
1992,10.12002,1.615445
1993,9.66666,1.602647
1994,10.28348,2.075771
1996,9.180905,1.528837
1997,9.015438,1.824896
1998,9.398416,1.777638
1999,10.00875,1.890461
2000,10.2961,1.627371
2001,10.58273,1.898149
2002,9.732867,1.837916
2003,8.302842,1.756944
2004,7.2048,1.579628
2004,14.20449734,9.281546593
1952,23.25524,10.05357
1953,24.09809,10.19366
1954,25.16584,11.24959
1955,24.42391,11.23531
1956,24.21899,10.62746
1957,23.43021,10.5677
1958,24.58185,10.54551
1959,23.78552,10.60355
1960,23.7907,10.6596
1961,23.39816,10.97472
1962,23.20643,10.41092
1963,24.44666,10.88167
1964,25.37607,11.36707
1965,24.93201,11.32999
1966,25.87004,11.49965
1967,27.96327,11.43323
1968,26.36491,11.69543
1969,26.43683,12.1856
1970,27.14107,12.59102
1971,26.30488,12.24174
1972,25.07037,11.52183
1973,26.02585,11.98623
1974,26.30085,12.04591
1975,26.08299,11.84409
1976,27.17856,12.11986
1977,28.02503,12.74571
1978,27.49423,12.15791
1979,26.25374,11.39117
1980,25.21093,10.89978
1981,26.31953,11.09901
1982,26.27146,10.52612
1983,25.19592,10.85313
1984,24.57673,9.769133
1985,25.05526,9.466913
1986,22.48152,8.796329
1987,22.35457,8.562513
1988,20.69531,7.769985
1989,19.45896,7.13517
1990,18.63537,6.796198
2004,7.235575199,5.373616695
1968,20.71317,6.980638
1969,22.32288,7.668771
1978,19.92653,8.268257
1979,20.5665,7.954185
1980,21.30191,7.97878
1981,22.80865,8.267892
1982,22.37416,9.055255
1983,22.67598,8.625981
1984,23.24142,8.548234
1985,22.53332,8.234728
1986,22.3238,8.31718
1987,23.3355,9.230215
1988,22.12781,8.753218
1989,22.4161,8.518538
1990,20.807,7.793037
2004,16.53609085,7.959890842
2004,18.83601761,9.376058578
